{"cameraMode":{"drawMode":0,"name":"Shaded","section":"Shading Mode"},"sceneLighting":false,"audioPlay":false,"sceneViewState":{"showFog":true,"showMaterialUpdate":false,"showSkybox":true,"showFlares":true,"showImageEffects":true,"showParticleSystems":true},"in2DMode":false,"pivot":{"x":6.94633150100708,"y":2.671759843826294,"z":-15.964255332946778},"rotation":{"x":-0.1567896604537964,"y":-0.027558868750929834,"z":0.004378002602607012,"w":-0.9872463941574097},"size":10.926584243774414,"orthographic":false}